ps_code,mp_code,mp_name,boiler_name,boiler_type,creater_time,burn_ability,data_status,open_time,create_time,update_time,stopopen_time,stopopen_status,stopopen_reason,success_time
13C2D0DCE6FB5F5F1BFDA298A54CA80D,13C2D0DCE6FB5F5FB2BE3E32478A0CC5,2号炉,2号炉,炉排炉,2016-12-14,450,0,2020-01-01 00:00:00,2020-01-15 10:00:00,2023-04-25 12:10:02,,,,2023-04-23 00:00:00
13C2D0DCE6FB5F5F1BFDA298A54CA80D,13C2D0DCE6FB5F5F7566D0CA7902390E,1号炉,1号炉,炉排炉,2016-12-14,450,0,2020-01-01 00:00:00,2020-01-15 10:00:00,2023-04-25 12:10:02,,,,2023-04-23 00:00:00
13C2D0DCE6FB5F5F1BFDA298A54CA80D,13C2D0DCE6FB5F5FD0CBE61B525A799D,3号炉,3号炉,炉排炉,2016-12-14,450,0,2020-01-01 00:00:00,2020-01-15 10:00:00,2023-04-25 12:10:04,,,,2023-04-23 00:00:00
6BB71200415564E0334D3A3E262A3BED,6BB71200415564E076BFF41262652DA0,废气监控点1,废气监控点1,循环流化床焚烧炉,2014-01-01,300,0,2020-01-01 00:00:00,2020-01-15 10:00:00,2023-04-25 12:10:02,,,,2023-04-23 00:00:00
6BB71200415564E0334D3A3E262A3BED,6BB71200415564E03180C1A63DF2C2D9,废气监控点2,废气监控点2,炉排炉,2016-05-01,600,0,2020-01-01 00:00:00,2020-01-15 10:00:00,2023-04-25 12:10:04,,,,2023-04-23 00:00:00
6BB71200415564E0334D3A3E262A3BED,6BB71200415564E0DCB738C0B9CCD08C,废气监控点3,废气监控点3,炉排炉,2016-05-01,600,0,2020-01-01 00:00:00,2020-01-15 10:00:00,2023-04-25 12:10:05,,,,2023-04-23 00:00:00
C9D36D642BD61777BADC9129EEF404EC,C9D36D642BD6177779CF232C38655C96,废气排放口1,废气排放口1,炉排炉,2019-07-12,350,0,2020-03-23 00:00:00,2020-03-03 09:36:35,2023-04-25 12:10:05,,,,2023-04-23 00:00:00
C9D36D642BD61777BADC9129EEF404EC,C9D36D642BD6177750D076F61558A680,废气排放口2,废气排放口2,炉排炉,2019-11-19,350,0,2020-03-23 00:00:00,2020-03-03 09:36:35,2023-04-25 12:10:01,,,,2023-04-23 00:00:00
866B66AF0CE56CB24026EC197DCED05F,866B66AF0CE56CB21E2D0BBE9520AA1E,垃圾炉烟气排口,垃圾项目废气排放口,炉排炉,2018-05-23,500,0,2020-01-01 00:00:00,2020-01-15 10:00:00,2023-04-25 12:10:03,,,,2023-04-23 00:00:00
8F3EAC9171F405F4E3F246DCF2B61530,8F3EAC9171F405F44B6E7B21E2016715,2号废气排放口监控点,2号炉,炉排炉,2012-11-05,350,0,2020-01-01 00:00:00,2020-01-15 10:00:00,2023-04-25 12:10:02,,,,2023-04-23 00:00:00
8F3EAC9171F405F4E3F246DCF2B61530,8F3EAC9171F405F45D63A2AA212EA6A7,1号废气排放口监控点,1号炉,炉排炉,2012-11-05,350,0,2020-01-01 00:00:00,2020-01-15 10:00:00,2023-04-25 12:10:03,,,,2023-04-23 00:00:00
2FD86C1B7A1ED71B8697F15DAE0B56D5,2FD86C1B7A1ED71B905E0513F3E7FBB6,3#机组废气排放口,3号焚烧炉,炉排炉,2019-11-11,600,0,2020-03-23 00:00:00,2020-03-19 09:54:10,2023-04-25 12:10:01,,,,2023-04-23 00:00:00
2FD86C1B7A1ED71B8697F15DAE0B56D5,2FD86C1B7A1ED71BFD43A99B9D0DA825,1#机组废气排放口,1号焚烧炉,炉排炉,2015-05-12,350,0,2020-01-01 00:00:00,2020-01-15 10:00:00,2023-04-25 12:10:04,,,,2023-04-23 00:00:00
2FD86C1B7A1ED71B8697F15DAE0B56D5,2FD86C1B7A1ED71BB2A797FE3F46BDCA,2#机组废气排放口,2号焚烧炉,炉排炉,2015-05-12,350,0,2020-01-01 00:00:00,2020-01-15 10:00:00,2023-04-25 12:10:02,,,,2023-04-23 00:00:00
F3AB5916A417E48ECB547BEEFED990BC,F3AB5916A417E48E76147A84E009E6C1,995#维皓能源1#号炉出口,维皓能源1#号炉出口,炉排炉,2022-01-24,500,0,2022-07-01 00:00:00,2022-06-29 09:35:11,2023-04-25 12:10:03,,,,2023-04-23 00:00:00
F3AB5916A417E48ECB547BEEFED990BC,F3AB5916A417E48E12A9389056C5ABEC,994#维皓能源2#号炉出口,维皓能源2#号炉出口,炉排炉,2022-01-24,500,0,2022-07-01 00:00:00,2022-06-29 09:35:11,2023-04-25 12:10:02,,,,2023-04-23 00:00:00
47BBC3FD1296366577070DB87052D2EA,47BBC3FD129636656856552D16ACF107,1#烟囱,1#烟囱,炉排炉,2021-06-25,750,0,2021-12-15 00:00:00,2021-09-18 09:35:20,2023-04-25 12:10:02,,,,2023-04-23 00:00:00
47BBC3FD1296366577070DB87052D2EA,47BBC3FD12963665A114FF2E73E93BC1,2#烟囱,2#烟囱,炉排炉,2021-07-28,750,0,2021-12-15 00:00:00,2021-11-08 09:35:13,2023-04-25 12:10:04,,,,2023-04-23 00:00:00
47BBC3FD1296366577070DB87052D2EA,47BBC3FD129636655E18CE8296FFD894,3#烟囱,3#烟囱,炉排炉,2021-09-16,750,0,2021-12-15 00:00:00,2021-11-24 09:35:42,2023-04-25 12:10:03,,,,2023-04-23 00:00:00
C0B2A439FE4DBF1D2B5096C4F5A35856AF58BFDF6FA7E10B6B04BF68DA5D0D26A1AF36537C8C91F3,C0B2A439FE4DBF1D2B5096C4F5A358560573CD05618C491DCB7ACCE1693E7A48AF1BB304DEFF7291,1号焚烧炉,1号焚烧炉,炉排炉,2021-12-24,500,0,2022-07-29 00:00:00,2022-07-29 09:35:05,2023-04-25 12:10:03,,,,2023-04-23 00:00:00
CFED4CB03A71ABF396E0417C5D794A15,CFED4CB03A71ABF3CC276FF0F99AA0BF,废气排放口,二段式往复机械炉排炉,炉排炉,2018-12-07,300,0,2020-01-01 00:00:00,2020-01-15 10:00:00,2023-04-25 12:10:03,,,,2023-04-23 00:00:00
7E0A8CFB64F58AFA1B20C775AEC1C216,7E0A8CFB64F58AFA39F2EA98AA960332,1号炉排口,1号炉排口,炉排炉,2013-12-21,750,0,2020-01-01 00:00:00,2020-01-15 10:00:00,2023-04-25 12:10:05,,,,2023-04-23 00:00:00
7E0A8CFB64F58AFA1B20C775AEC1C216,7E0A8CFB64F58AFAD7DE1DB4D5243253,2号炉排口,2号炉排口,炉排炉,2013-12-21,750,0,2020-01-01 00:00:00,2020-01-15 10:00:00,2023-04-25 12:10:04,,,,2023-04-23 00:00:00
7E0A8CFB64F58AFA1B20C775AEC1C216,7E0A8CFB64F58AFA77D41183AA36D4B6,3号炉排口,3号炉排口,炉排炉,2013-12-21,750,0,2020-01-01 00:00:00,2020-01-15 10:00:00,2023-04-25 12:10:03,,,,2023-04-23 00:00:00
7E0A8CFB64F58AFA1B20C775AEC1C216,7E0A8CFB64F58AFA404D8B9856F14566,4号炉排口,4号炉排口,炉排炉,2013-12-21,750,0,2020-01-01 00:00:00,2020-01-15 10:00:00,2023-04-25 12:10:04,,,,2023-04-23 00:00:00
B01285E5DE7F5F4653C0F22F43641EFF,B01285E5DE7F5F4638E74DEA4D493A6E,1#排放口DA001,1#焚烧炉,炉排炉,2011-09-15,600,0,2020-01-01 00:00:00,2020-01-15 10:00:00,2023-04-25 12:10:01,,,,2023-04-23 00:00:00
B01285E5DE7F5F4653C0F22F43641EFF,B01285E5DE7F5F46949D82E0D8A7857A,2#排放口DA001,2#焚烧炉,炉排炉,2011-09-15,600,0,2020-01-01 00:00:00,2020-01-15 10:00:00,2023-04-25 12:10:03,,,,2023-04-23 00:00:00
B01285E5DE7F5F4653C0F22F43641EFF,B01285E5DE7F5F46FD074DA3F09E7C31,3#排放口DA001,3#焚烧炉,炉排炉,2011-09-15,600,0,2020-01-01 00:00:00,2020-01-15 10:00:00,2023-04-25 12:10:02,,,,2023-04-23 00:00:00
9223F88E53E01305460EAB1C8D0648D0,9223F88E53E01305A0C5D99368F91E2C,1#烟囱排放口,1#烟囱排放口,炉排炉,2020-09-10,400,0,2021-01-07 00:00:00,2020-12-18 09:35:05,2023-04-25 12:10:04,,,,2023-04-23 00:00:00
9223F88E53E01305460EAB1C8D0648D0,9223F88E53E01305ED5C72549F0B9AC5,2#烟囱排放口,2#烟囱排放口,炉排炉,2020-09-10,400,0,2021-01-07 00:00:00,2020-12-18 09:35:05,2023-04-25 12:10:03,,,,2023-04-23 00:00:00
18B72E1FFFEED6A11DE8D2B6D8975242,18B72E1FFFEED6A108C82A7D305E96AA,1#焚烧炉废气排放口,1#焚烧炉废气排放口,炉排炉,2019-10-09,300,0,2020-04-13 00:00:00,2020-04-07 17:43:21,2023-04-25 12:10:02,,,,2023-04-23 00:00:00
18B72E1FFFEED6A11DE8D2B6D8975242,18B72E1FFFEED6A162990CF853591528,2#焚烧炉废气排放口,2#焚烧炉废气排放口,炉排炉,2020-03-31,300,0,2020-09-10 00:00:00,2020-09-08 09:35:05,2023-04-25 12:10:02,,,,2023-04-23 00:00:00
33956EC417CF46B4FC728CB1B753C08C,33956EC417CF46B49E0436E6DCB1363A,1号焚烧炉排气筒DA001,一号炉排放口,炉排炉,2020-07-27,300,0,2021-03-27 00:00:00,2021-03-26 09:35:08,2023-04-25 12:10:03,,,,2023-04-23 00:00:00
33956EC417CF46B4FC728CB1B753C08C,33956EC417CF46B459F8EFB5ACBF7D8F,2号焚烧炉排气筒DA002,二号炉排放口,炉排炉,2020-07-27,300,0,2021-03-27 00:00:00,2021-03-26 09:35:08,2023-04-25 12:10:04,,,,2023-04-23 00:00:00
068E652C488E6D01A2160B57B164DA48,068E652C488E6D017996FB73904A4BE0,1#废气监控点,#1焚烧炉,炉排炉,2011-04-30,500,0,2020-01-01 00:00:00,2020-01-15 10:00:00,2023-04-25 12:10:05,,,,2023-04-23 00:00:00
068E652C488E6D01A2160B57B164DA48,068E652C488E6D019AF4972A615B3295,2#废气监控点,#2焚烧炉,炉排炉,2011-04-30,500,0,2020-01-01 00:00:00,2020-01-15 10:00:00,2023-04-25 12:10:04,,,,2023-04-23 00:00:00
068E652C488E6D01A2160B57B164DA48,068E652C488E6D012902D29A909DD50F,3#废气监控点,#3焚烧炉,炉排炉,2016-01-18,610,0,2020-01-01 00:00:00,2020-01-15 10:00:00,2023-04-25 12:10:04,,,,2023-04-23 00:00:00
068E652C488E6D01A2160B57B164DA48,5F35E14AC2667249393714F3711E3B88D566212C4692569C068DB4BDC14A9A2618B4D45CD1870490,4#废气监控点,#4焚烧炉,炉排炉,2021-12-10,400,0,2022-03-16 00:00:00,2022-03-15 09:35:09,2023-04-25 12:10:02,,,,2023-04-23 00:00:00
068E652C488E6D01A2160B57B164DA48,5F35E14AC2667249393714F3711E3B88927146BA37C2201B89FDC9AA5B19DE3BA1D7BAB95283CB2A,5#废气监控点,#5焚烧炉,炉排炉,2021-12-10,400,0,2022-03-16 00:00:00,2022-03-15 09:35:09,2023-04-25 12:10:04,,,,2023-04-23 00:00:00
70D48D03508236AF80A33AFF7B6F6EFE,70D48D03508236AF6CEFFFA8DDD1F53A,废气排放口3,废气排放口3,炉排炉,2020-09-15,350,0,2021-01-14 00:00:00,2020-12-25 09:35:07,2023-04-25 12:10:04,,,,2023-04-23 00:00:00
70D48D03508236AF80A33AFF7B6F6EFE,70D48D03508236AF5376BC54774E70DB,废气排放口1,废气排放口1,炉排炉,2016-05-03,350,0,2020-01-01 00:00:00,2020-01-15 10:00:00,2023-04-25 12:10:02,,,,2023-04-23 00:00:00
70D48D03508236AF80A33AFF7B6F6EFE,70D48D03508236AF247CC53DD554DE2A,废气排放口2,废气排放口2,炉排炉,2016-05-03,350,0,2020-01-01 00:00:00,2020-01-15 10:00:00,2023-04-25 12:10:03,,,,2023-04-23 00:00:00
50AAFD4DDABFFDD60DC87A5C4218C302,50AAFD4DDABFFDD64CEBBBF6D48E58E7,环文再生（1）,#1焚烧炉,炉排炉,2019-12-26,525,0,2020-04-13 00:00:00,2020-03-31 09:35:05,2023-04-25 12:10:03,,,,2023-04-23 00:00:00
50AAFD4DDABFFDD60DC87A5C4218C302,50AAFD4DDABFFDD6B23BFB69CBA73A2F,环文再生（2）,#2焚烧炉,炉排炉,2019-12-26,525,0,2020-04-13 00:00:00,2020-03-31 09:35:05,2023-04-25 12:10:02,,,,2023-04-23 00:00:00
2EE2020EF2CF8ACD5E41FA6C7C8A730D,2EE2020EF2CF8ACD12FEAF9CFAF7523B,泰达垃圾焚烧一号炉,黄山泰达环保一号炉,炉排炉,2019-03-23,300,0,2020-01-01 00:00:00,2020-01-15 10:00:00,2023-04-25 12:10:05,,,,2023-04-23 00:00:00
2EE2020EF2CF8ACD5E41FA6C7C8A730D,2EE2020EF2CF8ACD10EA1A0BBCEC62AE,泰达垃圾焚烧二号炉,黄山泰达环保二号炉,炉排炉,2019-03-23,300,0,2020-01-01 00:00:00,2020-01-15 10:00:00,2023-04-25 12:10:05,,,,2023-04-23 00:00:00
2EE2020EF2CF8ACD5E41FA6C7C8A730D,0CCB879D9547F5E7A5DDCC9B59B89C05235551ACA0BAF89ED35E4047B2B3433E97ED9BA158DA419F,泰达垃圾焚烧三号炉,泰达垃圾焚烧三号炉,炉排炉,2022-02-16,300,0,2022-11-30 00:00:00,2022-11-30 09:35:24,2023-04-25 12:10:02,,,,2023-04-23 00:00:00
BB3FB34796C605EA352DB3CEC6FDEDA9,BB3FB34796C605EA2260398571C45ACE,废气排放口2,废气排放口2,炉排炉,2019-08-23,500,0,2020-02-24 00:00:00,2020-02-13 09:20:35,2023-04-25 12:10:02,,,,2023-04-23 00:00:00
BB3FB34796C605EA352DB3CEC6FDEDA9,BB3FB34796C605EA21C75B5F228348B8,废气排放口3,废气排放口3,炉排炉,2019-08-23,500,0,2020-02-24 00:00:00,2020-02-13 09:20:35,2023-04-25 12:10:04,,,,2023-04-23 00:00:00
AE161A7AB1D01B42F8AAA6FF35E6BF6E,AE161A7AB1D01B422DE90A0E36191203,1#烟囱排放口,1#烟囱排放口,炉排炉,2021-01-20,600,0,2021-08-31 00:00:00,2021-08-24 09:35:07,2023-04-25 12:10:04,,,,2023-04-23 00:00:00
AE161A7AB1D01B42F8AAA6FF35E6BF6E,AE161A7AB1D01B42C14BA81E220C43ED,2#烟囱排放口,2#烟囱排放口,炉排炉,2021-01-20,600,0,2021-08-31 00:00:00,2021-08-24 09:35:07,2023-04-25 12:10:01,,,,2023-04-23 00:00:00
4EA3A1FD45F36A330F3B7145BEF71E24,4EA3A1FD45F36A3327915278E60BCD9D,1#炉排放口,#1炉,炉排炉,2019-07-14,350,0,2020-01-01 00:00:00,2020-01-15 10:00:00,2023-04-25 12:10:05,,,,2023-04-23 00:00:00
4EA3A1FD45F36A330F3B7145BEF71E24,4EA3A1FD45F36A33C6BE95E9582B8386,2#炉排放口,#2炉,炉排炉,2019-07-14,350,0,2020-01-01 00:00:00,2020-01-15 10:00:00,2023-04-25 12:10:04,,,,2023-04-23 00:00:00
15D3DD515A8614F86C7E1D2CA2136E68E72D7BA65EC2582564868D0793E1529DE892D54ECE815D56,15D3DD515A8614F86C7E1D2CA2136E68F3975720225F2B6B76D60BF47B4E216CD947D7AACF987602,1号焚烧炉,1号焚烧炉,炉排炉,2022-09-10,500,0,2022-12-21 00:00:00,2022-11-25 09:35:08,2023-04-25 12:10:04,,,,2023-04-23 00:00:00
2CE7A8B727E8969D12A67D9C0C928FFC,2CE7A8B727E8969D0CA4982CF37403BC,监控点2#,监控点2#,炉排炉,2008-04-01,400,0,2020-01-01 00:00:00,2020-01-15 10:00:00,2023-04-25 12:10:03,,,,2023-04-23 00:00:00
2CE7A8B727E8969D12A67D9C0C928FFC,2CE7A8B727E8969D18026DB3C4F379D4,监控点3#,监控点3#,炉排炉,2013-09-03,300,0,2020-01-01 00:00:00,2020-01-15 10:00:00,2023-04-25 12:10:05,,,,2023-04-23 00:00:00
2CE7A8B727E8969D12A67D9C0C928FFC,2CE7A8B727E8969DA37BB36750963FA3,监控点4#,监控点4#,炉排炉,2015-05-01,400,0,2020-01-01 00:00:00,2020-01-15 10:00:00,2023-04-25 12:10:01,,,,2023-04-23 00:00:00
2CE7A8B727E8969D12A67D9C0C928FFC,2CE7A8B727E8969DD6A7559D57E76757,监控点1#,监控点1#,炉排炉,2008-04-01,400,0,2020-01-01 00:00:00,2020-01-15 10:00:00,2023-04-25 12:10:04,,,,2023-04-23 00:00:00
2CE7A8B727E8969D12A67D9C0C928FFC,2CE7A8B727E8969DE595B10C45726EC3,监控点5#,监控点5#,炉排炉,2020-01-19,750,0,2020-04-20 00:00:00,2020-04-15 09:35:03,2023-04-25 12:10:02,,,,2023-04-23 00:00:00
741D8E7C313F0FD6A0EDCD709C78891D,741D8E7C313F0FD64182D9745950F9E5,2#焚烧炉烟气排放口,2#焚烧炉烟气排放口,炉排炉,2021-09-19,350,0,2022-01-20 00:00:00,2022-01-20 09:35:08,2023-04-25 12:10:04,,,,2023-04-23 00:00:00
741D8E7C313F0FD6A0EDCD709C78891D,741D8E7C313F0FD6F92FAAFCFBAA4F2F,1#焚烧炉烟气排放口,1#焚烧炉烟气排放口,炉排炉,2021-09-21,350,0,2022-01-20 00:00:00,2022-01-20 09:35:08,2023-04-25 12:10:01,,,,2023-04-23 00:00:00
1F145C94054D5FF4D66ECD1307D11B77,1F145C94054D5FF4FB338E77AC01024F,焚烧烟气1#排气筒,焚烧烟气1#排气筒,炉排炉,2020-05-18,600,0,2020-08-20 00:00:00,2020-06-15 19:04:02,2023-04-25 12:10:02,,,,2023-04-23 00:00:00
1F145C94054D5FF4D66ECD1307D11B77,F15256CD863A8503D66FA0B13FF1A501144672C657CF60F20475E02B6980DF39D8D1C031D99B61F3,焚烧烟气2#排气筒,2号排放口,炉排炉,2022-07-07,600,0,2022-10-09 00:00:00,2022-10-09 09:35:07,2023-04-25 12:10:04,,,,2023-04-23 00:00:00
661B669BFE73BF30169ABBE50287B5D4,661B669BFE73BF3011901B209170EF71,焚烧炉废气排放口,废气排放口,炉排炉,2018-01-28,600,0,2020-01-01 00:00:00,2020-01-15 10:00:00,2023-04-25 12:10:03,,,,2023-04-23 00:00:00
661B669BFE73BF30169ABBE50287B5D4,A5E33BA3E131A6606CCD89E7A0EBCC3A3CF982D0FDFEB24ACD247D9551E51F259C69D42679631D2F,2号废气排放口,2号废气排放口,炉排炉,2022-08-06,750,0,2022-10-10 00:00:00,2022-10-10 09:35:09,2023-04-25 12:10:03,,,,2023-04-23 00:00:00
DE3681CD588BB5A723F3BFA8B55D1881,DE3681CD588BB5A734931EF232930122,1#机组烟囱出口烟道,1#机组烟囱出口烟道,炉排炉,2019-02-02,300,0,2020-09-19 00:00:00,2020-09-19 09:35:06,2023-04-25 12:10:02,,,,2023-04-23 00:00:00
3E458CF3D8129DCDF194B92FF24EDC04,3E458CF3D8129DCDF894E4A051959C9A,2号烟道,2#炉,炉排炉,2017-07-16,400,0,2020-01-01 00:00:00,2020-01-15 10:00:00,2023-04-25 12:10:01,,,,2023-04-23 00:00:00
3E458CF3D8129DCDF194B92FF24EDC04,3E458CF3D8129DCDACE8255ED18B9836,1号烟道,1#炉,炉排炉,2017-07-16,400,0,2020-01-01 00:00:00,2020-01-15 10:00:00,2023-04-25 12:10:04,,,,2023-04-23 00:00:00
8609CB94471AA9B686F8709F4CE4E7F1,8609CB94471AA9B6C5F010C5770DA4C2,1#引风机出口水平烟道,1#引风机出口水平烟道,炉排炉,2007-07-01,600,0,2020-01-01 00:00:00,2020-01-15 10:00:00,2023-04-25 12:10:02,,,,2023-04-23 00:00:00
8609CB94471AA9B686F8709F4CE4E7F1,8609CB94471AA9B611ECEA33A85430CE,2#引风机出口水平烟道,2#引风机出口水平烟道,炉排炉,2007-07-01,600,0,2020-01-01 00:00:00,2020-01-15 10:00:00,2023-04-25 12:10:04,,,,2023-04-23 00:00:00
85148DA402057DF69ABADFEC5689260F,85148DA402057DF624489254E6403A4A,1号烟囱,1号烟囱,炉排炉,2022-02-28,500,0,2022-04-02 00:00:00,2022-03-07 13:17:25,2023-04-25 12:10:05,,,,2023-04-23 00:00:00
85148DA402057DF69ABADFEC5689260F,85148DA402057DF66A7CA65C5615B3FE,2号烟囱,2号烟囱,炉排炉,2022-02-28,500,0,2022-03-08 00:00:00,2022-03-04 09:35:07,2023-04-25 12:10:02,,,,2023-04-23 00:00:00
13C2D0DCE6FB5F5FDF8FC4CC39CEEA9A,13C2D0DCE6FB5F5F87FC3930C81C301F,1号炉监控点,1号炉监控点,炉排炉,2017-10-25,500,0,2020-01-01 00:00:00,2020-01-15 10:00:00,2023-04-25 12:10:01,,,,2023-04-23 00:00:00
13C2D0DCE6FB5F5FDF8FC4CC39CEEA9A,13C2D0DCE6FB5F5FD684E4675EFD8D59,2号炉监控点,2号炉监控点,炉排炉,2017-10-25,500,0,2020-01-01 00:00:00,2020-01-15 10:00:00,2023-04-25 12:10:03,,,,2023-04-23 00:00:00
8F3EAC9171F405F45655D76A2F7C4613,8F3EAC9171F405F4077A9A9D5E1CFAD3,5号炉废气监控点,5号炉废气监控点,炉排炉,2018-03-18,750,0,2020-01-01 00:00:00,2020-01-15 10:00:00,2023-04-25 12:10:04,,,,2023-04-23 00:00:00
8F3EAC9171F405F45655D76A2F7C4613,8F3EAC9171F405F46150B1574CFEFCBD,6号炉废气监控点,6号炉废气监控点,炉排炉,2018-05-25,750,0,2020-01-01 00:00:00,2020-01-15 10:00:00,2023-04-25 12:10:03,,,,2023-04-23 00:00:00
8F3EAC9171F405F45655D76A2F7C4613,8F3EAC9171F405F48678F1F8E54B86E3,7号炉废气监控点,7号炉废气监控点,炉排炉,2018-11-20,750,0,2020-01-01 00:00:00,2020-01-15 10:00:00,2023-04-25 12:10:03,,,,2023-04-23 00:00:00
CBB517961CECB27CCA03D605F9736390,CBB517961CECB27CD88BA47E50DF8AD2,1号焚烧炉,1号焚烧炉,炉排炉,2019-09-28,300,0,2020-06-10 00:00:00,2020-05-20 09:35:08,2023-04-25 12:10:01,,,,2023-04-23 00:00:00
CBB517961CECB27CCA03D605F9736390,CBB517961CECB27C2C767C6B127F149D,2号焚烧炉,2号焚烧炉,炉排炉,2019-10-20,300,0,2020-06-10 00:00:00,2020-06-04 09:35:05,2023-04-25 12:10:04,,,,2023-04-23 00:00:00
E07A3BCFC8AB4FAD8AB77E179A35100A,E07A3BCFC8AB4FADFA38CD61FDA05F47,废气排口1,废气排口1,炉排炉,2015-04-01,300,0,2020-01-01 00:00:00,2020-01-15 10:00:00,2023-04-25 12:10:03,,,,2023-04-23 00:00:00
E07A3BCFC8AB4FAD8AB77E179A35100A,E07A3BCFC8AB4FAD1B0F39981489AAA4,废气排口2,废气排口2,炉排炉,2015-04-01,300,0,2020-01-01 00:00:00,2020-01-15 10:00:00,2023-04-25 12:10:02,,,,2023-04-23 00:00:00
E07A3BCFC8AB4FAD8AB77E179A35100A,E07A3BCFC8AB4FAD277AB0945C47FC5E,废气排口3,废气排口3,炉排炉,2019-07-26,600,0,2020-01-01 00:00:00,2020-01-15 10:00:00,2023-04-25 12:10:02,,,,2023-04-23 00:00:00
CE1CB6A0B9A78F11B4A9A33D38B5B9DE,CE1CB6A0B9A78F11535DDD0F475BDA31,德润环保,1#,炉排炉,2018-09-02,300,0,2020-01-01 00:00:00,2020-01-15 10:00:00,2023-04-25 12:10:03,,,,2023-04-23 00:00:00
7C3F449636EBEAE1FC52D0DE92CFC2F1,7C3F449636EBEAE1378213C1ACC77CCD,1号烟囱出口,1#,炉排炉,2019-06-21,250,0,2020-01-01 00:00:00,2020-01-15 10:00:00,2023-04-25 12:10:03,,,,2023-04-23 00:00:00
7C3F449636EBEAE1FC52D0DE92CFC2F1,7C3F449636EBEAE125A434504B0D59DC,2号烟囱出口,2#,炉排炉,2019-06-21,250,0,2020-01-01 00:00:00,2020-01-15 10:00:00,2023-04-25 12:10:02,,,,2023-04-23 00:00:00
2A6045384F72F941602CB5B658021008,2A6045384F72F941023ABED85DAC36F1,聊城康达垃圾1号,聊城康达垃圾1号,炉排炉,2014-08-29,300,0,2020-01-01 00:00:00,2020-01-15 10:00:00,2023-04-25 12:10:02,,,,2023-04-23 00:00:00
2A6045384F72F941602CB5B658021008,2A6045384F72F94105081CFF1F79C7BB,聊城康达垃圾2号,聊城康达垃圾2号,炉排炉,2014-08-29,300,0,2020-01-01 00:00:00,2020-01-15 10:00:00,2023-04-25 12:10:04,,,,2023-04-23 00:00:00
2A6045384F72F941602CB5B658021008,E286560EC476C0D042552DF84DC63E26E23ADCA3B82B2C490244921869CA4185508B80A19B396E65,康达垃圾3号焚烧,康达垃圾3号焚烧,炉排炉,2022-06-13,400,0,2022-08-26 00:00:00,2022-08-26 09:35:06,2023-04-25 12:10:05,,,,2023-04-23 00:00:00
59767CBE8A83398DEE9E039C33529FF7,59767CBE8A83398DD31F043A1C56ED70,3号烟气排放口,3号烟气排放口,炉排炉,2020-12-02,1000,0,2021-02-02 00:00:00,2021-01-30 09:35:08,2023-04-25 12:10:02,,,,2023-04-23 00:00:00
59767CBE8A83398DEE9E039C33529FF7,59767CBE8A83398D8F2F4B31CAE2A258,1号烟气排放口,#1焚烧炉,炉排炉,2014-08-01,600,0,2020-01-01 00:00:00,2020-01-15 10:00:00,2023-04-25 12:10:03,,,,2023-04-23 00:00:00
59767CBE8A83398DEE9E039C33529FF7,59767CBE8A83398D0122E427614E86FF,2号烟气排放口,#2焚烧炉,炉排炉,2014-08-01,600,0,2020-01-01 00:00:00,2020-01-15 10:00:00,2023-04-25 12:10:04,,,,2023-04-23 00:00:00
2FC51BC0AB25E9218FEF8C5E5444DD25,2FC51BC0AB25E921FC7412B66AD31C38,光大能源1号,光大能源（平度）1号,炉排炉,2017-01-04,300,0,2020-01-01 00:00:00,2020-01-15 10:00:00,2023-04-25 12:10:01,,,,2023-04-23 00:00:00
2FC51BC0AB25E9218FEF8C5E5444DD25,2FC51BC0AB25E921B67C9B94C29FB15A,光大能源2号,光大能源（平度）2号,炉排炉,2017-01-04,300,0,2020-01-01 00:00:00,2020-01-15 10:00:00,2023-04-25 12:10:01,,,,2023-04-23 00:00:00
2FC51BC0AB25E9218FEF8C5E5444DD25,2FC51BC0AB25E921ED371CA9D6A82068,光大能源3号,光大能源（平度）3号,炉排炉,2020-05-19,300,0,2020-07-08 00:00:00,2020-06-09 09:35:03,2023-04-25 12:10:05,,,,2023-04-23 00:00:00
7A57E25935FED4B616FDFDAB07B1844E,7A57E25935FED4B6B02DE81E31D69755,瀚蓝（海阳）1#焚烧炉,瀚蓝（海阳）1#焚烧炉,炉排炉,2021-01-14,500,0,2021-07-03 00:00:00,2021-07-02 09:35:08,2023-04-25 12:10:04,,,,2023-04-23 00:00:00
3BAF3198C0944D376C199DCEC75CF42D,3BAF3198C0944D375BA107D0AB6C9E6E,1号废气排放口,1#焚烧锅炉,循环流化床焚烧炉,2019-06-01,500,0,2020-01-01 00:00:00,2020-01-15 10:00:00,2023-04-25 12:10:02,2022-09-09 23:59:59,1,企业于2022年9月9日垃圾焚烧炉及附属设施全部停运，生产区域全面断电、封闭。,2023-04-23 00:00:00
3BAF3198C0944D376C199DCEC75CF42D,3BAF3198C0944D379EA530F9241F09F3,2废气排放口,2#焚烧锅炉,循环流化床焚烧炉,2018-06-30,500,0,2020-01-01 00:00:00,2020-01-15 10:00:00,2023-04-25 12:10:01,2022-09-09 23:59:59,1,企业于2022年9月9日垃圾焚烧炉及附属设施全部停运，生产区域全面断电、封闭。,2023-04-23 00:00:00
3BAF3198C0944D376C199DCEC75CF42D,3BAF3198C0944D376CDC77A344511A0D,3号废气排口,3#焚烧锅炉,循环流化床焚烧炉,2018-07-01,500,0,2020-01-01 00:00:00,2020-01-15 10:00:00,2023-04-25 12:10:04,2022-09-09 23:59:59,1,企业于2022年9月9日垃圾焚烧炉及附属设施全部停运，生产区域全面断电、封闭。,2023-04-23 00:00:00
2A6045384F72F941548C31943DBC0EFB,2A6045384F72F941448F898594A4C388,高唐国环再生资源,垃圾焚烧炉,炉排炉,2020-05-01,600,0,2020-11-24 00:00:00,2020-11-24 09:40:54,2023-04-25 12:10:01,,,,2023-04-23 00:00:00
BE1788F5F9ED1ECA12755C71194C3803,BE1788F5F9ED1ECA52419B0737F19339,二号烟囱排口,二号排放口,炉排炉,2021-12-31,300,0,2022-01-12 00:00:00,2022-01-11 09:35:07,2023-04-25 12:10:03,,,,2023-04-23 00:00:00
BE1788F5F9ED1ECA12755C71194C3803,BE1788F5F9ED1ECADA98B8DF1FB636F9,一号烟囱排口,一号排放口,炉排炉,2022-01-31,300,0,2022-01-12 00:00:00,2022-01-11 09:35:07,2023-04-25 12:10:03,,,,2023-04-23 00:00:00
01183E1539DD4FB27361509B5883F968,01183E1539DD4FB2F1880059339618642AA28D71ABE8C345,华川深能1号烟囱,华川深能,炉排炉,2018-12-31,750,0,2020-01-01 00:00:00,2020-01-15 10:00:00,2023-04-25 12:10:03,,,,2023-04-23 00:00:00
01183E1539DD4FB27361509B5883F968,01183E1539DD4FB2BC068CE19ED4FAE69C842D04BB415E6C,华川深能2号烟囱,华川深能2号烟囱,炉排炉,2019-07-26,750,0,2020-01-01 00:00:00,2020-01-15 10:00:00,2023-04-25 12:10:04,,,,2023-04-23 00:00:00
01183E1539DD4FB27361509B5883F968,01183E1539DD4FB20988E794BFE54FEEFAB5ABE2675F1B13,华川深能3号烟囱,华川深能3号烟囱,炉排炉,2019-07-27,750,0,2020-01-01 00:00:00,2020-01-15 10:00:00,2023-04-25 12:10:04,,,,2023-04-23 00:00:00
01183E1539DD4FB27361509B5883F968,01183E1539DD4FB20AF0054A21CAF00A08D75AB316AA8B0C,华川深能4号烟囱,华川深能4号烟囱,炉排炉,2019-10-12,750,0,2020-01-01 00:00:00,2020-01-15 10:00:00,2023-04-25 12:10:01,,,,2023-04-23 00:00:00
85B6CA827F48D231F0614929E1EE1D59,85B6CA827F48D23196DC168CFD99B114,1号废气排放口,1号废气排放口,炉排炉,2021-06-14,750,0,2021-08-25 00:00:00,2021-08-25 09:35:18,2023-04-25 12:10:04,,,,2023-04-23 00:00:00
85B6CA827F48D231F0614929E1EE1D59,85B6CA827F48D2312A874AA2CB432A37,2号废气排放口,2号废气排放口,炉排炉,2021-06-20,750,0,2021-08-25 00:00:00,2021-08-25 09:35:18,2023-04-25 12:10:02,,,,2023-04-23 00:00:00
85B6CA827F48D231F0614929E1EE1D59,85B6CA827F48D231D0905B155CC55CC8,3号废气排放口,3号废气排放口,炉排炉,2021-07-12,750,0,2021-09-12 00:00:00,2021-08-25 09:35:18,2023-04-25 12:10:05,,,,2023-04-23 00:00:00
C541F3ABC7FF20C43426DFEBCF985E0D,C541F3ABC7FF20C40F568B67F849218C,气监控点一,#1生活垃圾焚烧机械炉排炉,炉排炉,2016-12-23,500,0,2020-01-01 00:00:00,2020-01-15 10:00:00,2023-04-25 12:10:03,,,,2023-04-23 00:00:00
C541F3ABC7FF20C43426DFEBCF985E0D,C541F3ABC7FF20C45F815C2FE829C67C,气监控点二,#2生活垃圾焚烧机械炉排炉,炉排炉,2021-01-15,300,0,2021-04-17 00:00:00,2021-04-17 09:35:10,2023-04-25 12:10:04,,,,2023-04-23 00:00:00
E2A716AB41E0EE91C2F7B5E330825D3C,E2A716AB41E0EE91A4086514D25D49E3,焚烧烟气排气筒,焚烧烟气排气筒,炉排炉,2021-11-30,400,0,2022-06-25 00:00:00,2022-06-24 09:35:10,2023-04-25 12:10:02,,,,2023-04-23 00:00:00
866B66AF0CE56CB29123B45A7062EC34,866B66AF0CE56CB2C3E49192AC71BD42,5#锅炉废气排放口,5#废气排口,炉排炉,2021-07-15,750,0,2022-04-02 00:00:00,2022-01-20 09:35:08,2023-04-25 12:10:02,,,,2023-04-23 00:00:00
866B66AF0CE56CB29123B45A7062EC34,866B66AF0CE56CB243AE026C029061F7,1#锅炉废气排放口,1#焚烧炉,循环流化床焚烧炉,2010-04-01,500,0,2020-01-01 00:00:00,2020-01-15 10:00:00,2022-09-09 09:35:09,2022-09-08 23:59:59,1,停产超过3个月,2023-04-23 00:00:00
866B66AF0CE56CB29123B45A7062EC34,866B66AF0CE56CB2C2D0AEF203F1DB6F,2#锅炉废气排放口,2#锅炉废气排放口,循环流化床焚烧炉,2010-04-01,500,0,2020-01-01 00:00:00,2020-01-15 10:00:00,2022-09-09 09:35:09,2022-09-08 23:59:59,1,停产超过1年,2023-04-23 00:00:00
866B66AF0CE56CB29123B45A7062EC34,866B66AF0CE56CB2C6C3411CA1E991A1,4#锅炉废气排放口,4#锅炉废气排放口,循环流化床焚烧炉,2016-09-06,700,0,2020-01-01 00:00:00,2020-01-15 10:00:00,2023-04-25 12:10:01,,,,2023-04-23 00:00:00
866B66AF0CE56CB29123B45A7062EC34,866B66AF0CE56CB23E6D3BC708E7869A,3#锅炉废气排放口,3#锅炉废气排放口,循环流化床焚烧炉,2019-01-01,750,0,2020-03-23 00:00:00,2020-03-19 09:54:10,2023-04-25 12:10:03,,,,2023-04-23 00:00:00
AE161A7AB1D01B42E272C8045E876CE0,AE161A7AB1D01B42BE13A27D869144D2,1#废气排放口,1#焚烧炉,炉排炉,2020-04-10,500,0,2021-01-09 00:00:00,2021-01-06 09:35:13,2023-04-25 12:10:03,,,,2023-04-23 00:00:00
AE161A7AB1D01B42E272C8045E876CE0,AE161A7AB1D01B422BDAF3063B973E23,2#废气排放口,2#焚烧炉,炉排炉,2020-04-23,500,0,2021-01-10 00:00:00,2021-01-06 09:35:13,2023-04-25 12:10:01,,,,2023-04-23 00:00:00
922BEDBE9E3F13904530B5B8AB23095B,922BEDBE9E3F139014FEA0D7C6634A62,垃圾发电监控点,#1焚烧炉,炉排炉,2018-10-23,400,0,2020-01-01 00:00:00,2020-01-15 10:00:00,2023-04-25 12:10:03,,,,2023-04-23 00:00:00
922BEDBE9E3F13904530B5B8AB23095B,922BEDBE9E3F1390EEB93C9FAD8AAE73,垃圾发电监控点2号,#2焚烧炉,炉排炉,2018-10-23,400,0,2020-01-01 00:00:00,2020-01-15 10:00:00,2023-04-25 12:10:02,,,,2023-04-23 00:00:00
8F3EAC9171F405F4DC7C716315FF1145,8F3EAC9171F405F48B55D1CB694D9D5A,春晖环保1#排放口5#垃圾焚烧炉,春晖环保1#排放口5#垃圾焚烧炉,炉排炉,2018-06-08,500,0,2020-01-01 00:00:00,2020-01-15 10:00:00,2023-04-25 12:10:02,,,,2023-04-23 00:00:00
8F3EAC9171F405F4DC7C716315FF1145,8F3EAC9171F405F4D957D3DFA128DE92,1#排放口0#垃圾焚烧炉新,1#排放口0#垃圾焚烧炉（新）,炉排炉,2021-03-01,500,0,2022-04-28 00:00:00,2022-04-28 09:35:12,2023-04-25 12:10:02,,,,2023-04-23 00:00:00
8F3EAC9171F405F4DC7C716315FF1145,8F3EAC9171F405F4DB1AA40C59A3DA07,春晖环保1#排放口1#垃圾焚烧炉,春晖环保1#排放口1#垃圾焚烧炉,循环流化床焚烧炉,2006-01-06,500,0,2020-01-01 00:00:00,2020-01-15 10:00:00,2023-04-25 12:10:04,,,,2023-04-23 00:00:00
5F35E14AC266724954EA9E4E5BC6A8FC53A74F1EA832CE7304861B4F54935EA107473510F1F5D505,5F35E14AC266724954EA9E4E5BC6A8FC7842EDD5FE41E14C014446716E47CECC7045803E2DE53B7C,1#焚烧炉烟气监测点,1#焚烧炉烟气监测点,循环流化床焚烧炉,2022-01-17,800,0,2022-05-28 00:00:00,2022-05-28 09:35:08,2023-04-25 12:10:04,,,,2023-04-23 00:00:00
5F35E14AC266724954EA9E4E5BC6A8FC53A74F1EA832CE7304861B4F54935EA107473510F1F5D505,5F35E14AC266724915D984459A3BF97F9E0A20C77D11ED668BFDE9C6A48EF28161EFB3308AB1F4B0,2号焚烧炉烟气排放口,2号焚烧炉烟气排放口,循环流化床焚烧炉,2022-01-18,800,0,2022-04-12 00:00:00,2022-04-09 09:35:07,2023-04-25 12:10:02,,,,2023-04-23 00:00:00
12B57166DB94E23911990E0ABAD9315E365DF73321DE1506A1128BCA9AF351C811BE9E0BEFCB7D84,12B57166DB94E23911990E0ABAD9315EB077749D2B36F0FEC217F750E11EAFF449F6164396EEAF34, 废气, 废气,炉排炉,2021-08-02,400,0,2022-09-03 00:00:00,2022-09-03 09:35:07,2023-04-25 12:10:04,,,,2023-04-23 00:00:00
97DE461A8C44A0DAB4D49FABBFD8618D,97DE461A8C44A0DAD91F9CA68311FC5F,1#焚烧炉烟气排放口,1#焚烧炉烟气排放口,炉排炉,2021-12-28,600,0,2022-07-29 00:00:00,2022-07-20 09:35:09,2023-04-25 12:10:02,,,,2023-04-23 00:00:00
97DE461A8C44A0DAB4D49FABBFD8618D,97DE461A8C44A0DA0A234AFB93F3FA3B,2#焚烧炉烟气排放口,2#焚烧炉烟气排放口,炉排炉,2021-12-28,600,0,2022-08-24 00:00:00,2022-07-20 09:35:09,2023-04-25 12:10:02,,,,2023-04-23 00:00:00
0120B1AE224A2DF69EEB95EBC79139AC,0120B1AE224A2DF66156036F99A9DB6F,1#炉烟气排放口,1#炉,炉排炉,2018-07-01,300,0,2020-01-01 00:00:00,2020-01-15 10:00:00,2023-04-25 12:10:04,,,,2023-04-23 00:00:00
0120B1AE224A2DF69EEB95EBC79139AC,0120B1AE224A2DF6DC2560626F29CFF9,2#炉烟气排放口,2#炉,炉排炉,2018-07-01,300,0,2020-01-01 00:00:00,2020-01-15 10:00:00,2023-04-25 12:10:04,,,,2023-04-23 00:00:00
4EA3A1FD45F36A33234837918B3A3720,4EA3A1FD45F36A33E58D6C29E7FCDFA9,1号锅炉出口,1号锅炉出口,炉排炉,2012-04-03,250,0,2020-01-01 00:00:00,2020-01-15 10:00:00,2023-04-25 12:10:02,,,,2023-04-23 00:00:00
4EA3A1FD45F36A33234837918B3A3720,4EA3A1FD45F36A33BB0E12E1FFD67FB2,2号锅炉出口,2号锅炉出口,炉排炉,2012-04-03,250,0,2020-01-01 00:00:00,2020-01-15 10:00:00,2023-04-25 12:10:04,,,,2023-04-23 00:00:00
12B57166DB94E23919182F7C80F145530F694896441BEEB1CA628FEBA6E044142D4EEB832CBC1168,12B57166DB94E23919182F7C80F14553B3BFB850D9A0CB78B0573415764BD2A19DAD9B9B5BB2FF1B,1#排放口,1#排放口,炉排炉,2021-10-21,500,0,2022-09-06 00:00:00,2022-09-06 09:35:09,2023-04-25 12:10:04,,,,2023-04-23 00:00:00
8609CB94471AA9B637B21A4BC0C3FD96,8609CB94471AA9B68D97C97937E7C699,焚烧炉排放口1,1号废气排放口,炉排炉,2021-08-20,750,0,2022-06-23 00:00:00,2021-10-26 09:35:08,2023-04-25 12:10:05,,,,2023-04-23 00:00:00
8609CB94471AA9B637B21A4BC0C3FD96,8609CB94471AA9B6B2EF54162642D5C2,焚烧炉排放口2,焚烧炉排放口2,炉排炉,2021-10-20,750,0,2022-06-23 00:00:00,2022-01-05 09:35:08,2023-04-25 12:10:04,,,,2023-04-23 00:00:00
741D8E7C313F0FD6C63F19C8E4E1F458,741D8E7C313F0FD6B4B4C337B63C1EF8,废气排放口1,废气排放口1,炉排炉,2021-12-10,400,0,2022-07-09 00:00:00,2022-07-09 09:35:12,2023-04-25 12:10:02,,,,2023-04-23 00:00:00
741D8E7C313F0FD6C63F19C8E4E1F458,741D8E7C313F0FD6927EE579BECFE276,废气排放口2,废气排放口2,炉排炉,2021-12-10,400,0,2022-07-09 00:00:00,2022-07-09 09:35:12,2023-04-25 12:10:04,,,,2023-04-23 00:00:00
F45EE7ADAB6E73A3BCC89F4ACA7ACBC5,F45EE7ADAB6E73A351B802AA804E052B,废气排放口,废气监测点,炉排炉,2021-05-10,600,0,2021-10-14 00:00:00,2021-09-28 09:35:13,2023-04-25 12:10:02,,,,2023-04-23 00:00:00
7E4B12708C6CB14908CB8B32DCEFBEFC,7E4B12708C6CB14937F6DEBD2813B70D,1#排放口,1#排放口,炉排炉,2022-03-24,500,0,2022-04-02 00:00:00,2022-03-29 09:35:07,2023-04-25 12:10:04,,,,2023-04-23 00:00:00
7E4B12708C6CB14908CB8B32DCEFBEFC,7E4B12708C6CB14944AC7981C4A578F2,2#排放口,2#排放口,炉排炉,2022-04-11,500,0,2022-04-18 00:00:00,2022-04-12 09:35:07,2023-04-25 12:10:02,,,,2023-04-23 00:00:00
0120B1AE224A2DF62708E553435D969C,0120B1AE224A2DF6A2EF14EA499469ED,1#焚烧炉废气处理后排放口,1#焚烧炉废气处理后排放口,炉排炉,2020-05-01,400,0,2020-07-09 00:00:00,2020-07-04 09:35:03,2023-04-25 12:10:01,,,,2023-04-23 00:00:00
0120B1AE224A2DF62708E553435D969C,0120B1AE224A2DF69AAFCE59AFB8E15A,2#焚烧炉废气处理后排放口,2#焚烧炉废气处理后排放口,炉排炉,2020-05-01,400,0,2020-07-09 00:00:00,2020-07-04 09:35:03,2023-04-25 12:10:05,,,,2023-04-23 00:00:00
AEB93AA3E68F0DAA8E784F48708546E9,AEB93AA3E68F0DAAF3D0ED4AFF7B04A2,2号排放口,2号排放口,炉排炉,2017-06-30,750,0,2020-01-01 00:00:00,2020-01-15 10:00:00,2023-04-25 12:10:02,,,,2023-04-23 00:00:00
AEB93AA3E68F0DAA8E784F48708546E9,AEB93AA3E68F0DAA6856F37C3B7E4CC4,3号排放口,3号排放口,炉排炉,2017-08-31,750,0,2020-01-01 00:00:00,2020-01-15 10:00:00,2023-04-25 12:10:04,,,,2023-04-23 00:00:00
AEB93AA3E68F0DAA8E784F48708546E9,AEB93AA3E68F0DAA584057B6AE4A7B0D,1号排放口,1号排放口,炉排炉,2017-06-20,750,0,2020-01-01 00:00:00,2020-01-15 10:00:00,2023-04-25 12:10:02,,,,2023-04-23 00:00:00
2D47D628222E88B35253FCCF8B2AD9AA9566093D80C7C8239A016FA3C829FB3503A264105114FE3D,2D47D628222E88B35253FCCF8B2AD9AA5039887399408E716FC382AC95E95C4BC5CF01195BC5E700,1#焚烧炉,1#焚烧炉,炉排炉,2021-11-18,500,0,2022-04-03 00:00:00,2022-04-02 09:35:07,2023-04-25 12:10:03,,,,2023-04-23 00:00:00
5AADB5AA5AEC1BCBC251DC52BE85A695,5AADB5AA5AEC1BCBB9122226D9FB3EE5,1号焚烧炉烟气排放口,1号焚烧炉烟气排放口,炉排炉,2022-07-01,800,0,2022-09-01 00:00:00,2022-07-12 09:35:15,2023-04-25 12:10:04,,,,2023-04-23 00:00:00
5AADB5AA5AEC1BCBC251DC52BE85A695,5AADB5AA5AEC1BCB32D217D486C2158A,2号焚烧炉烟气排放口,2号焚烧炉烟气排放口,炉排炉,2022-07-01,800,0,2022-09-01 00:00:00,2022-07-12 09:35:15,2023-04-25 12:10:04,,,,2023-04-23 00:00:00
8609CB94471AA9B669C84B7FABD918CD,8609CB94471AA9B6C4CF0EA2094523EC,焚烧炉烟囱监控点,焚烧炉烟囱监控点,炉排炉,2021-02-04,400,0,2021-08-20 00:00:00,2021-08-18 09:35:08,2023-04-25 12:10:02,,,,2023-04-23 00:00:00
1B1B873C3BD15393CD9696B9E9613EF1,1B1B873C3BD15393ABC37BB7D4ADEE60,#1炉烟气排放口,1#焚烧炉,炉排炉,2022-08-29,1000,0,2022-10-30 00:00:00,2022-09-24 09:35:07,2023-04-25 12:10:01,,,,2023-04-23 00:00:00
1B1B873C3BD15393CD9696B9E9613EF1,5F35E14AC26672499B4CBCF189F46CDB8A5E74F0AC635537846DC07C77F92D80167CC54CCAB3BE41,#2炉烟气排放口,#2炉烟气排放口,炉排炉,2022-12-05,1000,0,2023-02-05 00:00:00,2022-12-09 09:35:10,2023-04-25 12:10:03,,,,2023-04-23 00:00:00
5F35E14AC2667249AF33AEA00A3C885D7697656D0AC0325AD021F0320CB90FC4D5913E856B55EBD8,5F35E14AC2667249AF33AEA00A3C885DBF971463FA8F25187B13034A9CF925A1132E163EEE7DE224,1#炉废气总排口,1#炉废气总排口,炉排炉,2022-12-09,750,0,2023-03-05 00:00:00,2023-03-03 12:10:05,2023-04-25 12:10:04,,,,2023-04-23 00:00:00
5F35E14AC2667249AF33AEA00A3C885D7697656D0AC0325AD021F0320CB90FC4D5913E856B55EBD8,5F35E14AC2667249AF33AEA00A3C885DBA00F4287D1959E539D1CF96CA86FA2BAE67B4298AB635C0,2#炉废气总排口,2#炉废气总排口,炉排炉,2022-12-09,750,0,2023-03-05 00:00:00,2023-03-03 12:10:05,2023-04-25 12:10:03,,,,2023-04-23 00:00:00
5A557586F621577C7044B76308589A34,5A557586F621577CE4E55D21099DF500,1#焚烧炉排放口,1#焚烧炉排放口,炉排炉,2021-06-30,300,0,2022-10-15 00:00:00,2022-09-27 09:35:09,2023-04-25 12:10:02,,,,2023-04-23 00:00:00
5A557586F621577C7044B76308589A34,E64570E16BDBAF6D2BB0C0D8FE4F4A2786A41E893C24F021BA6CA49FC8ABBDF8F8794BF7B82D06CD,2#焚烧炉排放口,2#焚烧炉排放口,炉排炉,2021-06-30,300,0,2022-10-16 00:00:00,2022-09-27 09:35:09,2023-04-25 12:10:03,,,,2023-04-23 00:00:00
4B8C0090E591106DA58A27C950251D64,4B8C0090E591106DC5B05E01CEBBB773,1#炉废气排放口（DA002),1#炉废气排放口（DA001),炉排炉,2021-03-18,350,0,2021-07-08 00:00:00,2021-07-07 09:35:12,2023-04-25 12:10:04,,,,2023-04-23 00:00:00
4B8C0090E591106DA58A27C950251D64,4B8C0090E591106DB8E34E25D6740FE2,2#炉废气排放口（DA001),2#炉废气排放口（DA002),炉排炉,2021-03-18,350,0,2021-07-08 00:00:00,2021-07-07 09:35:12,2023-04-25 12:10:04,,,,2023-04-23 00:00:00
3E22DA83672A6997C650D5EFC16D0A2D,3E22DA83672A69976A5E29CA915F3C67,废气排口,1#炉,炉排炉,2021-04-16,800,0,2021-06-17 00:00:00,2021-06-17 09:35:14,2023-04-25 12:10:05,,,,2023-04-23 00:00:00
E07A3BCFC8AB4FAD38349F407244BEA3,E07A3BCFC8AB4FAD18E55252BA93157D,#1炉废气排放口,#1炉废气排放口,炉排炉,2018-12-30,300,0,2020-01-01 00:00:00,2020-01-15 10:00:00,2023-04-25 12:10:03,,,,2023-04-23 00:00:00
E07A3BCFC8AB4FAD38349F407244BEA3,E07A3BCFC8AB4FAD2E411C082658FA2D,#2炉废气排放口,#2炉废气排放口,炉排炉,2018-12-30,300,0,2020-01-01 00:00:00,2020-01-15 10:00:00,2023-04-25 12:10:03,,,,2023-04-23 00:00:00
BF38658A0D7F8A1B1BE93889857F7BAF,BF38658A0D7F8A1B16FC8DFFBBDC0822,1号线废气排放口,1号线废气排放口,炉排炉,2019-01-18,750,0,2020-01-01 00:00:00,2020-01-15 10:00:00,2023-04-25 12:10:03,,,,2023-04-23 00:00:00
BF38658A0D7F8A1B1BE93889857F7BAF,BF38658A0D7F8A1B1313C355BFF046B7,2号线废气排放口,2号线废气排放口,炉排炉,2019-01-18,750,0,2020-01-01 00:00:00,2020-01-15 10:00:00,2023-04-25 12:10:04,,,,2023-04-23 00:00:00
CB67871E1EE812AD37CB38A1A51F7D01,CB67871E1EE812ADB46AD29F8E36B956,焚烧炉烟气排放口,焚烧炉烟气排放口,炉排炉,2022-01-12,500,0,2022-04-03 00:00:00,2022-03-30 09:35:08,2023-04-25 12:10:04,,,,2023-04-23 00:00:00
5F74293A27E671D6784AEA5F9168EC54,5F74293A27E671D6343787D5C7854C11,总排口,总排口,炉排炉,2020-01-19,600,0,2021-02-09 00:00:00,2021-02-09 09:35:09,2023-04-25 12:10:03,,,,2023-04-23 00:00:00
CBB517961CECB27CFACE953EA90AE1DC,CBB517961CECB27CC4A25DCAB6193E9D,1号焚烧炉,兰清环保能源1,炉排炉,2017-07-10,400,0,2020-01-01 00:00:00,2020-01-15 10:00:00,2023-04-25 12:10:04,,,,2023-04-23 00:00:00
CBB517961CECB27CFACE953EA90AE1DC,CBB517961CECB27C9C8F422D4D4DBBED,2号焚烧炉,兰清环保能源2,炉排炉,2017-07-10,400,0,2020-01-01 00:00:00,2020-01-15 10:00:00,2023-04-25 12:10:04,,,,2023-04-23 00:00:00
24CFF171C301C6AF688A4ECD36C6BF6E,24CFF171C301C6AFFD7A36B18597D9F4,1#焚烧炉排口,1#废气排放口,炉排炉,2020-06-10,800,0,2020-12-02 00:00:00,2020-08-20 09:35:04,2023-04-25 12:10:03,,,,2023-04-23 00:00:00
24CFF171C301C6AF688A4ECD36C6BF6E,24CFF171C301C6AF93C264B5B0124CAD,2#焚烧炉排口,2#废气排放口,炉排炉,2020-06-10,800,0,2020-12-02 00:00:00,2020-08-20 09:35:04,2023-04-25 12:10:04,,,,2023-04-23 00:00:00
24CFF171C301C6AF688A4ECD36C6BF6E,24CFF171C301C6AFA986760BC13B2887,3#焚烧炉排口,3#废气排放口,炉排炉,2020-06-10,800,0,2020-12-02 00:00:00,2020-08-20 09:35:04,2023-04-25 12:10:01,,,,2023-04-23 00:00:00
33D8050BDC499697DFF74AACEE8CF876,33D8050BDC49969786B61432CA6657D2,1#烟囱排放口,#1烟气排放口,炉排炉,2019-05-24,750,0,2020-01-01 00:00:00,2020-01-15 10:00:00,2023-04-25 12:10:04,,,,2023-04-23 00:00:00
33D8050BDC499697DFF74AACEE8CF876,33D8050BDC49969731792346FA3F0BD7,2#烟囱排放口,#2烟气排放口,炉排炉,2019-05-24,750,0,2020-01-01 00:00:00,2020-01-15 10:00:00,2023-04-25 12:10:05,,,,2023-04-23 00:00:00
54DBD258076E87A0397D8748D1405C39,54DBD258076E87A0D3629F7C62940B22,垃圾焚烧1,1#焚烧炉,炉排炉,2017-06-27,500,0,2020-01-01 00:00:00,2020-01-15 10:00:00,2023-04-25 12:10:04,,,,2023-04-23 00:00:00
54DBD258076E87A0397D8748D1405C39,54DBD258076E87A08A2ACAF3A63B2B2C,垃圾焚烧2,2#焚烧炉,炉排炉,2017-06-27,500,0,2020-01-01 00:00:00,2020-01-15 10:00:00,2023-04-25 12:10:04,,,,2023-04-23 00:00:00
F6E9337BFBBB34D653C366617974E224,F6E9337BFBBB34D61D4FB84E52418AFB,废气排放总口,废气排放总口,炉排炉,2021-09-10,500,0,2021-11-11 00:00:00,2021-09-16 09:35:11,2023-04-25 12:10:03,,,,2023-04-23 00:00:00
AEB93AA3E68F0DAA5BC09F59DFB88F43,AEB93AA3E68F0DAA0814708A4733234F,废气3#,3#焚烧炉,炉排炉,2015-09-11,500,0,2020-01-01 00:00:00,2020-01-15 10:00:00,2023-04-25 12:10:04,,,,2023-04-23 00:00:00
AEB93AA3E68F0DAA5BC09F59DFB88F43,AEB93AA3E68F0DAA469881AF00FEDE22,废气1#,1#焚烧炉,炉排炉,2014-01-21,500,0,2020-01-01 00:00:00,2020-01-15 10:00:00,2023-04-25 12:10:01,,,,2023-04-23 00:00:00
AEB93AA3E68F0DAA5BC09F59DFB88F43,AEB93AA3E68F0DAAA5797663D44DA6C4,废气2#,2#焚烧炉,炉排炉,2014-01-21,500,0,2020-01-01 00:00:00,2020-01-15 10:00:00,2023-04-25 12:10:02,,,,2023-04-23 00:00:00
0D5F210D2E72049F40625E6BD6D1E496,0D5F210D2E72049F1B07268D3597A558,邑清环保（1）,邑清环保（1）,炉排炉,2016-05-14,300,0,2020-01-01 00:00:00,2020-01-15 10:00:00,2023-04-25 12:10:01,,,,2023-04-23 00:00:00
0D5F210D2E72049F40625E6BD6D1E496,0D5F210D2E72049F41012C7EFB06A388,邑清环保（2）,邑清环保（2）,炉排炉,2016-05-14,300,0,2020-01-01 00:00:00,2020-01-15 10:00:00,2023-04-25 12:10:02,,,,2023-04-23 00:00:00
5CD4170FD3202C705E7C7D6AF3DE0B23,5CD4170FD3202C703B2B408C8CA51F51,1#炉废气口,1#炉废气口,炉排炉,2021-05-01,500,0,2021-08-10 00:00:00,2021-07-06 09:35:12,2023-04-25 12:10:04,,,,2023-04-23 00:00:00
5CD4170FD3202C705E7C7D6AF3DE0B23,5CD4170FD3202C7025C00837706F982E,2#炉废气口,2#炉废气口,炉排炉,2021-06-21,500,0,2021-09-16 00:00:00,2021-09-15 09:35:20,2023-04-25 12:10:02,,,,2023-04-23 00:00:00
607D7BE39E8B49743D320B5ADF2277B9,607D7BE39E8B497460E7B94592CE22BF,#1排放口	,1#废气排放口,炉排炉,2019-12-20,300,0,2020-04-20 00:00:00,2020-04-20 11:10:22,2023-04-25 12:10:03,,,,2023-04-23 00:00:00
607D7BE39E8B49743D320B5ADF2277B9,607D7BE39E8B497462612F9DC3BC950D,#2排放口	,2#废气排放口,炉排炉,2019-12-20,300,0,2020-04-20 00:00:00,2020-04-20 11:10:22,2023-04-25 12:10:04,,,,2023-04-23 00:00:00
187BB3F9C98925BF7217382B199DF3F1,187BB3F9C98925BFAB4C44CF0DBEF05E,#1烟囱排放口,#1烟囱排放口,炉排炉,2020-03-13,300,0,2020-04-08 00:00:00,2020-03-31 09:35:05,2023-04-25 12:10:03,,,,2023-04-23 00:00:00
187BB3F9C98925BF7217382B199DF3F1,187BB3F9C98925BF5A465F963F1611DD,#2烟囱排放口,#2烟囱排放口,炉排炉,2020-03-13,300,0,2020-04-08 00:00:00,2020-03-31 09:35:05,2023-04-25 12:10:04,,,,2023-04-23 00:00:00
54F65C3847E435925B75AA3E125A24D2D9D543B6ABD7BA13EDC46067ADA275380B474763124E347D,54F65C3847E435925B75AA3E125A24D28AF05DE38CC020A5FFC5D122AF4CD82EC49F8D9ADB4F8EBE,1#焚烧烟气排放口,排放口1,炉排炉,2022-01-14,500,0,2022-08-18 00:00:00,2022-08-16 09:35:07,2023-04-25 12:10:04,,,,2023-04-23 00:00:00
54F65C3847E435925B75AA3E125A24D2D9D543B6ABD7BA13EDC46067ADA275380B474763124E347D,54F65C3847E435926FFD165DEE80E02459F3D9385443C06BEAF0EA3405F9939E6352C50FC3A6AD1F,2#焚烧烟气排放口,排放口2,炉排炉,2022-05-03,500,0,2022-08-18 00:00:00,2022-08-16 09:35:07,2023-04-25 12:10:05,,,,2023-04-23 00:00:00
BB3FB34796C605EAE5708085484123D3,BB3FB34796C605EAB2F115163D5DFA3D,废气排放口01,废气排放口01,循环流化床焚烧炉,2013-10-01,500,0,2020-01-01 00:00:00,2020-01-15 10:00:00,2020-10-12 13:44:13,2020-10-12 00:00:00,1,企业关停,2023-04-23 00:00:00
BB3FB34796C605EAE5708085484123D3,BB3FB34796C605EA2A3C4787E2EFFFE6,废气排放口02,废气排放口02,循环流化床焚烧炉,2013-10-01,500,0,2020-01-01 00:00:00,2020-01-15 10:00:00,2020-10-12 13:44:13,2020-10-12 00:00:00,1,企业关停,2023-04-23 00:00:00
BB3FB34796C605EAE5708085484123D3,BB3FB34796C605EA4AB7643AC6FC6470,废气排放口03,废气排放口03,循环流化床焚烧炉,2013-10-01,500,0,2020-01-01 00:00:00,2020-01-15 10:00:00,2020-10-12 13:44:13,2020-10-12 00:00:00,1,企业已关停,2023-04-23 00:00:00
C23C9134D2D8B4703037325E37B093A3,C23C9134D2D8B470922DE70340D3D10F,废气排放口监控点一,一号炉,炉排炉,2006-02-18,300,0,2020-01-01 00:00:00,2020-01-15 10:00:00,2023-04-25 12:10:04,,,,2023-04-23 00:00:00
C23C9134D2D8B4703037325E37B093A3,C23C9134D2D8B470FD3BFBA76C5C8784,废气排放口监控点二,二号炉,炉排炉,2006-02-18,300,0,2020-01-01 00:00:00,2020-01-15 10:00:00,2023-04-25 12:10:03,,,,2023-04-23 00:00:00
C23C9134D2D8B4703037325E37B093A3,C23C9134D2D8B470872BC0BF2723010A,废气排放口监控点三,三号炉,炉排炉,2006-11-02,300,0,2020-01-01 00:00:00,2020-01-15 10:00:00,2023-04-25 12:10:03,,,,2023-04-23 00:00:00
5F35E14AC2667249702FCC16169642678E1D7B3ECC1C57E680D655B4888F5D5F422EA7CCC95F644E,5F35E14AC2667249702FCC161696426798189242DAB68BE8F5FDF9720CB7C3E5F46F6CA93E9412A1,1号焚烧炉烟气排放口,1号焚烧炉烟气排放口,炉排炉,2022-12-30,600,0,2023-03-02 00:00:00,2023-02-28 12:10:04,2023-04-25 12:10:01,,,,2023-04-23 00:00:00
12B57166DB94E2399F9ECC5DB9EC577D64D12B08F2FF4C765425356608C5E4333E38DD0EC8163EDF,12B57166DB94E239E88A2E91E2EF780CEA0AA9D3E1768F0D991D58B70D80FE1F9C69D9EBA2901F91,1#烟囱,1#烟囱,炉排炉,2022-01-10,750,0,2022-06-02 00:00:00,2022-05-28 09:35:08,2023-04-25 12:10:03,,,,2023-04-23 00:00:00
12B57166DB94E2399F9ECC5DB9EC577D64D12B08F2FF4C765425356608C5E4333E38DD0EC8163EDF,12B57166DB94E2396EEB1CC14A2768A3638811AD3BAD799244FBAD5039D80B8D47C06F05773CD81F,2#烟囱,2#烟囱,炉排炉,2022-01-10,750,0,2022-06-02 00:00:00,2022-05-28 09:35:08,2023-04-25 12:10:03,,,,2023-04-23 00:00:00
E8F1C0CE6B1872714FDB2A844AD1D82D,E8F1C0CE6B187271B9DEA8D3AD2061E3,废气排口01,蚌埠皖能1号焚烧炉,炉排炉,2019-08-03,500,0,2020-02-24 00:00:00,2020-02-10 09:20:39,2023-04-25 12:10:04,,,,2023-04-23 00:00:00
1EF5306CFEDE6E771FC6EB9A54C3FBFE93EE95088E532602232C63E26427885AAF264FC01C391737,1EF5306CFEDE6E771FC6EB9A54C3FBFED48434687AA8A94B4E0291F4D4C2EF2C11173AF357D5EDD9,废气排放口DA002,#2锅炉,炉排炉,2022-07-25,400,0,2023-02-17 00:00:00,2023-02-16 12:10:05,2023-04-25 12:10:03,,,,2023-04-23 00:00:00
A9C4EA6459B5C4154CF8D142DAD67A66,A9C4EA6459B5C415578BFCE39ECAE545,微山光大1号焚烧炉,微山光大1号焚烧炉,炉排炉,2020-11-16,300,0,2021-01-17 00:00:00,2021-01-01 09:35:05,2023-04-25 12:10:05,,,,2023-04-23 00:00:00
A9C4EA6459B5C4154CF8D142DAD67A66,A9C4EA6459B5C415E15B593831EA26F6,微山光大2号焚烧炉,微山光大2号焚烧炉,炉排炉,2020-11-16,300,0,2021-01-17 00:00:00,2021-01-01 09:35:05,2023-04-25 12:10:02,,,,2023-04-23 00:00:00
85B6CA827F48D2318CE907623F2C470D,85B6CA827F48D231BFBC2769877A8C7C,炉膛4,炉膛4,炉排炉,2017-10-01,400,0,2020-01-01 00:00:00,2020-01-15 10:00:00,2023-04-25 12:10:02,,,,2023-04-23 00:00:00
85B6CA827F48D2318CE907623F2C470D,85B6CA827F48D23135EEF978D4DF9AAB,炉膛1,炉膛1,炉排炉,2011-01-01,300,0,2020-01-01 00:00:00,2020-01-15 10:00:00,2023-04-25 12:10:04,,,,2023-04-23 00:00:00
85B6CA827F48D2318CE907623F2C470D,85B6CA827F48D231026B145064455007,炉膛2,炉膛2,炉排炉,2011-01-01,300,0,2020-01-01 00:00:00,2020-01-15 10:00:00,2023-04-25 12:10:01,,,,2023-04-23 00:00:00
85B6CA827F48D2318CE907623F2C470D,85B6CA827F48D23146CD9D79D74CAC08,炉膛3,炉膛3,炉排炉,2011-01-01,300,0,2020-01-01 00:00:00,2020-01-15 10:00:00,2023-04-25 12:10:03,,,,2023-04-23 00:00:00
E6194ABB0ECA3556E334DB1A64152F16,E6194ABB0ECA3556444203ADED2704F7,1号炉子排口,1号炉,循环流化床焚烧炉,2013-11-19,400,0,2020-01-01 00:00:00,2020-01-15 10:00:00,2023-04-25 12:10:02,2023-03-07 14:36:40,1,"因自贡市生活垃圾资源不足,导致自贡能投华西环保发电有限公司无燃料生产，已于2020年8月23日全面停产至今。同时，因自贡市新建垃圾焚烧发电厂（自贡川能环保发电有限公司），自贡能投华西环保发电有限公司将不再投入生产。2021年3月5日，自贡能投华西环保发电有限公司《关于1#、2#炉CEMS监测设备停运的请示》（环保发电[2021]4号）文，申请停用监测设备。2021年3月10日，自贡市沿滩生态环境局《关于自贡能投华西环保电有限公司请示1#、2炉CEMS监测设备停运的回复》，同意从2021年3月10",2023-04-23 00:00:00
E6194ABB0ECA3556E334DB1A64152F16,E6194ABB0ECA3556690074DDBFA49D88,2号炉子排口,2号炉,循环流化床焚烧炉,2014-01-09,400,0,2020-01-01 00:00:00,2020-01-15 10:00:00,2023-04-25 12:10:02,2023-03-07 14:37:10,1,"因自贡市生活垃圾资源不足,导致自贡能投华西环保发电有限公司无燃料生产，已于2020年8月23日全面停产至今。同时，因自贡市新建垃圾焚烧发电厂（自贡川能环保发电有限公司），自贡能投华西环保发电有限公司将不再投入生产。2021年3月5日，自贡能投华西环保发电有限公司《关于1#、2#炉CEMS监测设备停运的请示》（环保发电[2021]4号）文，申请停用监测设备。2021年3月10日，自贡市沿滩生态环境局《关于自贡能投华西环保电有限公司请示1#、2炉CEMS监测设备停运的回复》，同意从2021年3月10",2023-04-23 00:00:00
516DD3A24ADEF30D50FB81DC12E41F46,516DD3A24ADEF30DF8FB3191DE5ED614,排气口,排气口,炉排炉,2021-09-01,600,0,2021-11-12 00:00:00,2021-11-12 09:35:35,2023-04-25 12:10:05,,,,2023-04-23 00:00:00
08A06AB7A6A46D545CAFD4F3291FFEE9,08A06AB7A6A46D54631BA008FB0AAF05,1#烟气在线监测点,1#烟气在线监测点,炉排炉,2018-06-29,500,0,2020-01-01 00:00:00,2020-01-15 10:00:00,2023-04-25 12:10:04,,,,2023-04-23 00:00:00
08A06AB7A6A46D545CAFD4F3291FFEE9,08A06AB7A6A46D54DA8EF0DC82FFEBB3,2#炉烟气在线监测,2#炉烟气在线监测,炉排炉,2018-06-29,500,0,2020-01-01 00:00:00,2020-01-15 10:00:00,2023-04-25 12:10:03,,,,2023-04-23 00:00:00
FF3484BBAC9308215241DC4694A64903,FF3484BBAC93082143806FD3960449DC,1#排放口,1#排放口,炉排炉,2020-02-05,750,0,2020-02-11 12:04:49,2020-02-08 09:20:47,2023-04-25 12:10:02,,,,2023-04-23 00:00:00
FF3484BBAC9308215241DC4694A64903,FF3484BBAC930821958B8B698EC1A69B,3#排放口,3#排放口,炉排炉,2020-02-05,750,0,2020-02-11 12:04:49,2020-02-08 09:20:47,2023-04-25 12:10:02,,,,2023-04-23 00:00:00
FF3484BBAC9308215241DC4694A64903,FF3484BBAC93082155746E94CB97AD03,2#排放口,2#排放口,炉排炉,2020-02-05,750,0,2020-02-11 12:04:49,2020-02-08 09:20:47,2023-04-25 12:10:01,,,,2023-04-23 00:00:00
1E0C72AC51CF5EBEAB298DB2915733D4,1E0C72AC51CF5EBE64A84E309348EC5A,1#炉烟气排放口DA001,1#多级往复式炉排垃圾焚烧炉,炉排炉,2019-05-10,500,0,2020-01-01 00:00:00,2020-01-15 10:00:00,2023-04-25 12:10:03,,,,2023-04-23 00:00:00
1E0C72AC51CF5EBEAB298DB2915733D4,1E0C72AC51CF5EBE1718E25E7E37A7B0,2#炉烟气排放口DA002,2#多级往复式炉排垃圾焚烧炉,炉排炉,2019-05-10,500,0,2020-01-01 00:00:00,2020-01-15 10:00:00,2023-04-25 12:10:04,,,,2023-04-23 00:00:00
1E0C72AC51CF5EBEAB298DB2915733D4,70F2858406BD3B47B52EB50A017076F41DD41E2BE1C89D38ED73F97BE36C5890B613A5344CCA01F7,3#炉烟气排放口DA003,3#炉烟气排放口,炉排炉,2022-12-10,600,0,2023-03-05 00:00:00,2023-03-04 12:10:04,2023-04-25 12:10:02,,,,2023-04-23 00:00:00
4EC32E5E10CC94A7B56BED003C67D1AD,4EC32E5E10CC94A7593102E6DE1FB8C4,1号炉排放口,1号炉排放口,炉排炉,2020-12-18,600,0,2021-02-21 00:00:00,2021-02-02 09:35:05,2023-04-25 12:10:03,,,,2023-04-23 00:00:00
4EC32E5E10CC94A7B56BED003C67D1AD,4EC32E5E10CC94A7F9BEE8A123FC2BA4,2号炉排放口,2号炉排放口,炉排炉,2020-12-18,600,0,2021-02-21 00:00:00,2021-02-02 09:35:05,2023-04-25 12:10:03,,,,2023-04-23 00:00:00
